{
  "learning_rate": 0.0004521919975710127,
  "n_steps": 1024,
  "batch_size": 64,
  "n_epochs": 7,
  "gamma": 0.9535072603052953,
  "ent_coef": 0.002543402526335391,
  "clip_range": 0.17914029741732307,
  "gae_lambda": 0.9682012829377772,
  "vf_coef": 0.46343175512606843,
  "max_grad_norm": 0.6287996243734179,
  "fold_penalty": 0.2922614562381933,
  "steal_bonus": 0.10379218972055414,
  "lr_schedule": "linear",
  "rolling_window": 20,
  "block_size": 200,
  "hybrid_switch_episodes": 300000,
  "net_arch": [
    256,
    256,
    256
  ]
}